SchedDepLat,SchedDepLong,ArrivalLat,ArrivalLong,SchedDep_Epoch,FlightNumDec,FlightNumber,ArcTangent,Distance
29.6458,-95.27723056,36.08004444,-115.1522361,1659374760,7.07E+13,FFT1939,-1.257708568,20.8905564
18.42972222,-69.66888889,18.4394,-66.00213333,1659386640,7070845754,FFT96,1.568157002,3.666768331
36.28158056,-94.30776667,36.08004444,-115.1522361,1659391860,7.07E+13,FFT1971,1.561128062,20.84544369
29.98443611,-95.34144167,36.08004444,-115.1522361,1659325500,7.07E+13,FFT2141,-1.272298351,20.72737361
39.86166667,-104.6731667,42.21244444,-83.35338889,1659378360,7.07E+11,FFT622,1.460977178,21.4489879
21.04274167,-86.8732,32.89723333,-97.03769444,1659381660,7070845651,FFT83,-0.708796526,15.61556658
39.86166667,-104.6731667,34.05601389,-117.6011889,1659391800,7.07E+11,FFT977,1.14871182,14.17178049
28.42938889,-81.309,39.17572778,-76.66899167,1659382500,7.07E+13,FFT1244,0.407595726,11.7052756
32.89723333,-97.03769444,36.08004444,-115.1522361,1659358800,7.07E+13,FFT2133,-1.396866929,18.39203377
40.79613611,-73.10066389,28.42938889,-81.309,1659379620,7.07E+13,FFT1093,0.585975469,14.84295181
18.50361111,-77.91333333,28.42938889,-81.309,1659388380,70708450,FFT2,-0.329624935,10.49054892
39.86166667,-104.6731667,39.17572778,-76.66899167,1659337020,7.07E+11,FFT726,-1.546307058,28.01257452
18.57078056,-68.36618611,18.4394,-66.00213333,1659382020,7070845156,FFT38,-1.515279143,2.367700656
33.67566111,-117.8682333,36.08004444,-115.1522361,1659370080,7.07E+13,FFT2124,0.846180759,3.627354406
28.42938889,-81.309,18.4394,-66.00213333,1659312000,7.07E+11,FFT104,-0.992562169,18.27840379
41.93903333,-72.68431667,28.42938889,-81.309,1659350820,7.07E+13,FFT1207,0.568183936,16.02796479
28.42938889,-81.309,40.27669444,-74.81347222,1659402240,7.07E+11,FFT798,0.501514387,13.51112615
39.86166667,-104.6731667,38.17408611,-85.73649444,1659355500,7.07E+11,FFT642,-1.481914067,19.01171966
39.87208333,-75.24066389,18.57078056,-68.36618611,1659352800,7070845050,FFT22,-0.312173496,22.3831174
39.71730556,-86.29463889,39.86166667,-104.6731667,1659397140,7.07E+11,FFT609,-1.562941609,18.37909477
35.04241111,-89.97668056,39.86166667,-104.6731667,1659327060,7.07E+11,FFT731,-1.253926652,15.46647759
39.86166667,-104.6731667,39.99694722,-82.89215833,1659355800,7.07E+11,FFT766,1.564585466,21.78142848
35.87763889,-78.78747222,42.74911667,-73.80198056,1659365940,7.07E+13,FFT1674,0.62765821,8.489542624
18.50361111,-77.91333333,25.79536111,-80.29011667,1659365640,7070845348,FFT50,-0.315095541,7.669336158
30.49404444,-81.68784722,39.86166667,-104.6731667,1659370740,7.07E+11,FFT475,-1.18379999,24.82090365
33.6367,-84.42786389,39.86166667,-104.6731667,1659351300,7.07E+11,FFT421,-1.272494017,21.18071047
29.99327778,-90.25902778,33.6367,-84.42786389,1659357240,7.07E+13,FFT1498,1.012327151,6.875827062
39.86166667,-104.6731667,36.08004444,-115.1522361,1659302160,7.07E+11,FFT777,1.22446736,11.14053689
25.79536111,-80.29011667,18.50361111,-77.91333333,1659355200,7070845349,FFT51,-0.315095541,7.669336158
40.27669444,-74.81347222,33.6367,-84.42786389,1659384660,7.07E+11,FFT807,0.966386172,11.68443637
41.78597222,-87.75241667,27.97547222,-82.53325,1659315300,7.07E+13,FFT2595,-0.361322033,14.76379392
37.61880556,-122.3754167,33.43427778,-112.0115833,1659387780,7.07E+13,FFT2790,-1.187050588,11.17673098
26.53616667,-81.75516667,39.87208333,-75.24066389,1659377340,7.07E+13,FFT2354,0.454399756,14.84201535
21.04274167,-86.8732,27.97547222,-82.53325,1659393720,7.07E+11,FFT168,0.559324381,8.179114798
39.87208333,-75.24066389,39.29761111,-94.71388889,1659370020,7.07E+13,FFT2331,1.54130426,19.4816968
21.04274167,-86.8732,29.98443611,-95.34144167,1659363000,7.07E+11,FFT161,-0.758210464,12.31523514
32.89723333,-97.03769444,39.86166667,-104.6731667,1659394740,7.07E+11,FFT503,-0.831327707,10.33459087
39.87208333,-75.24066389,36.08004444,-115.1522361,1659321480,7.07E+13,FFT2143,1.476069667,40.09131022
28.42938889,-81.309,39.87208333,-75.24066389,1659322800,7.07E+13,FFT1168,0.487611535,12.95221831
42.74911667,-73.80198056,28.42938889,-81.309,1659399300,7.07E+13,FFT1007,0.482853513,16.16817691
33.6367,-84.42786389,41.93903333,-72.68431667,1659307620,7.07E+13,FFT1558,0.955407939,14.3819206
39.86166667,-104.6731667,29.53395833,-98.46905833,1659397800,7.07E+11,FFT990,-0.540952118,12.04792597
39.86166667,-104.6731667,32.89723333,-97.03769444,1659384060,7.07E+11,FFT504,-0.831327707,10.33459087
32.89723333,-97.03769444,33.6367,-84.42786389,1659389460,7.07E+13,FFT1550,1.512221331,12.63149387
28.42938889,-81.309,33.6367,-84.42786389,1659312360,7.07E+13,FFT1011,-0.539639296,6.069876519
32.89723333,-97.03769444,21.04274167,-86.8732,1659366480,7070845650,FFT82,-0.708796526,15.61556658
39.86166667,-104.6731667,41.40940833,-81.85469167,1659354300,7.07E+11,FFT522,1.503071616,22.87090525
41.93903333,-72.68431667,35.87763889,-78.78747222,1659365400,7.07E+13,FFT1611,0.788831167,8.601686476
36.08004444,-115.1522361,29.6458,-95.27723056,1659361200,7.07E+13,FFT1938,-1.257708568,20.8905564
39.87208333,-75.24066389,42.36294444,-71.00638889,1659358320,7.07E+13,FFT2286,1.039052765,4.912583215
36.08004444,-115.1522361,39.71730556,-86.29463889,1659385140,7.07E+13,FFT2038,1.445415773,29.0859173
18.4394,-66.00213333,28.42938889,-81.309,1659274200,7.07E+13,FFT9358,-0.992562169,18.27840379
33.67974167,-78.92832222,39.87208333,-75.24066389,1659315600,7.07E+13,FFT2386,0.537118278,7.207212998
39.04883889,-84.66782222,33.6367,-84.42786389,1659390960,7.07E+13,FFT1699,-0.044308043,5.417455802
18.4394,-66.00213333,28.42938889,-81.309,1659353400,7.07E+11,FFT107,-0.992562169,18.27840379
18.57078056,-68.36618611,39.87208333,-75.24066389,1659370860,7070845051,FFT23,-0.312173496,22.3831174
41.40940833,-81.85469167,27.97547222,-82.53325,1659398220,7.07E+13,FFT2435,0.05046787,13.45106244
36.08004444,-115.1522361,33.43427778,-112.0115833,1659363480,7.07E+13,FFT2152,-0.870715998,4.106553449
36.08004444,-115.1522361,27.97547222,-82.53325,1659334980,7.07E+13,FFT2098,-1.327265898,33.61074746
44.48463333,-88.12971389,39.86166667,-104.6731667,1659310260,7.07E+11,FFT787,1.298303387,17.17724226
36.08004444,-115.1522361,36.124475,-86.67818056,1659337140,7.07E+13,FFT2010,1.569235941,28.4740902
18.50361111,-77.91333333,27.97547222,-82.53325,1659370740,7070845653,FFT85,-0.453801071,10.53849054
45.58870833,-122.5968694,36.08004444,-115.1522361,1659386700,7.07E+13,FFT2170,-0.664246376,12.07630962
39.87208333,-75.24066389,32.89863889,-80.04052778,1659390900,7.07E+13,FFT2311,0.602834474,8.465673081
38.74869722,-90.370025,28.42938889,-81.309,1659395880,7.07E+13,FFT1210,-0.720563378,13.7328183
28.42938889,-81.309,39.87208333,-75.24066389,1659346200,7.07E+13,FFT1166,0.487611535,12.95221831
36.08004444,-115.1522361,37.72125,-122.2211389,1659358800,7.07E+13,FFT2195,-1.342665474,7.256923762
39.86166667,-104.6731667,33.67566111,-117.8682333,1659309420,7.07E+11,FFT583,1.132408937,14.5731413
40.27669444,-74.81347222,41.78597222,-87.75241667,1659389460,7.07E+11,FFT839,-1.454674962,13.02667275
34.05601389,-117.6011889,32.89723333,-97.03769444,1659365640,7.07E+13,FFT2734,-1.514504516,20.596118
39.87208333,-75.24066389,39.86166667,-104.6731667,1659317160,7.07E+11,FFT521,1.57044241,29.43250465
28.42938889,-81.309,39.17572778,-76.66899167,1659321360,7.07E+13,FFT1242,0.407595726,11.7052756
32.89723333,-97.03769444,28.42938889,-81.309,1659312120,7.07E+13,FFT1246,-1.294029623,16.35094684
33.6367,-84.42786389,42.94041667,-78.73058333,1659348300,7.07E+13,FFT1366,0.549462627,10.90954397
29.99327778,-90.25902778,39.87208333,-75.24066389,1659402720,7.07E+13,FFT2338,0.988970075,17.97615234
28.42938889,-81.309,40.79613611,-73.10066389,1659318600,7.07E+13,FFT1092,0.585975469,14.84295181
33.6367,-84.42786389,29.99327778,-90.25902778,1659348900,7.07E+13,FFT1499,1.012327151,6.875827062
33.6367,-84.42786389,27.97547222,-82.53325,1659399120,7.07E+13,FFT2551,-0.322948431,5.969846042
21.04274167,-86.8732,27.97547222,-82.53325,1659299700,7.07E+11,FFT168,0.559324381,8.179114798
18.57078056,-68.36618611,25.79536111,-80.29011667,1659301140,7070845455,FFT67,-1.026057793,13.94183217
29.98443611,-95.34144167,28.42938889,-81.309,1659390120,7.07E+13,FFT1250,-1.460428645,14.11834236
39.87208333,-75.24066389,41.40940833,-81.85469167,1659308220,7.07E+13,FFT2267,-1.342417451,6.790341054
39.86166667,-104.6731667,28.42938889,-81.309,1659331680,7.07E+11,FFT678,-1.115738704,26.01117569
28.42938889,-81.309,18.49486111,-67.12944444,1659366300,7.07E+11,FFT138,-0.959652126,17.31342364
33.6367,-84.42786389,39.87208333,-75.24066389,1659357000,7.07E+13,FFT2382,0.974506869,11.10336206
33.6367,-84.42786389,41.40940833,-81.85469167,1659391260,7.07E+13,FFT2450,0.319696135,8.187564354
28.42938889,-81.309,21.04274167,-86.8732,1659357660,7.07E+11,FFT163,0.64559583,9.247858065
35.03893056,-106.6082611,36.08004444,-115.1522361,1659323640,7.07E+11,FFT630,-1.449540543,8.607172992
36.08004444,-115.1522361,29.53395833,-98.46905833,1659362400,7.07E+13,FFT2074,-1.1968792,17.9214861
33.43427778,-112.0115833,38.80581389,-104.700775,1659315960,7.07E+13,FFT2822,0.937134003,9.072007395
25.79536111,-80.29011667,18.57078056,-68.36618611,1659377100,7070845454,FFT66,-1.026057793,13.94183217
37.61880556,-122.3754167,36.08004444,-115.1522361,1659229140,7.07E+13,FFT2078,-1.360902966,7.38526396
33.6367,-84.42786389,32.89723333,-97.03769444,1659377940,7.07E+13,FFT1551,1.512221331,12.63149387
39.04883889,-84.66782222,39.87208333,-75.24066389,1659370020,7.07E+13,FFT1706,1.483690409,9.463035749
39.86166667,-104.6731667,38.74869722,-90.370025,1659360360,7.07E+11,FFT698,-1.493139871,14.34637806
35.87763889,-78.78747222,41.93903333,-72.68431667,1659353100,7.07E+13,FFT1610,0.788831167,8.601686476
39.86166667,-104.6731667,35.81108889,-83.99406944,1659385140,7.07E+11,FFT586,-1.377367465,21.0720726
28.42938889,-81.309,35.87763889,-78.78747222,1659319320,7.07E+13,FFT1192,0.326428878,7.863493524
21.04274167,-86.8732,38.74869722,-90.370025,1659377700,7070845655,FFT87,-0.19498506,18.0479541
41.40940833,-81.85469167,33.43427778,-112.0115833,1659356580,7.07E+13,FFT2415,1.312260221,31.19360223
36.08004444,-115.1522361,39.87208333,-75.24066389,1659331800,7.07E+13,FFT2142,1.476069667,40.09131022
39.86166667,-104.6731667,43.11914444,-77.67186944,1659389580,7.07E+11,FFT866,1.450735027,27.197081
38.80581389,-104.700775,33.43427778,-112.0115833,1659324960,7.07E+13,FFT2823,0.937134003,9.072007395
41.88468889,-91.7108,39.86166667,-104.6731667,1659371340,7.07E+11,FFT691,1.415976381,13.11928235
33.6367,-84.42786389,21.04274167,-86.8732,1659351600,7.07E+11,FFT155,0.191781049,12.82916424
18.42972222,-69.66888889,25.79536111,-80.29011667,1659392040,7070845357,FFT59,-0.96445772,12.92528978
25.79536111,-80.29011667,28.42938889,-81.309,1659315720,7.07E+13,FFT1280,-0.369089199,2.824221235
36.08004444,-115.1522361,33.67566111,-117.8682333,1659363300,7.07E+13,FFT2125,0.846180759,3.627354406
18.33730556,-64.97333333,18.4394,-66.00213333,1659379620,7.07E+11,FFT131,-1.47188374,1.033853333
34.05601389,-117.6011889,39.86166667,-104.6731667,1659297360,7.07E+11,FFT976,1.14871182,14.17178049
41.40940833,-81.85469167,21.04274167,-86.8732,1659369120,7.07E+11,FFT207,0.241595052,20.97585604
42.21244444,-83.35338889,39.86166667,-104.6731667,1659355200,7.07E+11,FFT623,1.460977178,21.4489879
35.21375,-80.94905556,39.86166667,-104.6731667,1659401760,7.07E+11,FFT659,-1.377331418,24.17512314
18.4394,-66.00213333,18.42972222,-69.66888889,1659378300,7070845755,FFT97,1.568157002,3.666768331
41.40940833,-81.85469167,39.87208333,-75.24066389,1659317400,7.07E+13,FFT2266,-1.342417451,6.790341054
39.86166667,-104.6731667,36.08004444,-115.1522361,1659395640,7.07E+11,FFT777,1.22446736,11.14053689
38.85143889,-77.03772222,39.86166667,-104.6731667,1659394020,7.07E+11,FFT539,-1.534257086,27.65390301
33.6367,-84.42786389,18.4394,-66.00213333,1659317820,7.07E+11,FFT100,-0.881123132,23.88441906
32.73355556,-117.1896667,39.86166667,-104.6731667,1659360300,7.07E+11,FFT550,1.053107417,14.40391406
32.89723333,-97.03769444,36.08004444,-115.1522361,1659301260,7.07E+13,FFT2147,-1.396866929,18.39203377
32.89723333,-97.03769444,39.86166667,-104.6731667,1659323340,7.07E+11,FFT507,-0.831327707,10.33459087
36.08004444,-115.1522361,33.6367,-84.42786389,1659334080,7.07E+13,FFT2000,-1.491438702,30.82137213
36.124475,-86.67818056,39.87208333,-75.24066389,1659371700,7.07E+13,FFT2306,1.254161095,12.03583631
40.78839444,-111.9777722,39.86166667,-104.6731667,1659380760,7.07E+11,FFT574,-1.444601542,7.36315733
28.42938889,-81.309,34.05601389,-117.6011889,1659397380,7.07E+13,FFT1151,-1.416984086,36.72576594
39.87208333,-75.24066389,29.99327778,-90.25902778,1659388980,7.07E+13,FFT2339,0.988970075,17.97615234
39.87208333,-75.24066389,25.79536111,-80.29011667,1659358020,7.07E+13,FFT2327,0.344412595,14.95496847
39.87208333,-75.24066389,29.98443611,-95.34144167,1659313740,7.07E+13,FFT2319,1.1136467,22.4010454
39.04883889,-84.66782222,39.86166667,-104.6731667,1659358500,7.07E+11,FFT647,-1.530188131,20.02185048
33.43427778,-112.0115833,33.6367,-84.42786389,1659301740,7.07E+13,FFT1562,1.563457991,27.58446213
40.77725,-73.87261111,28.42938889,-81.309,1659304740,7.07E+13,FFT1335,0.542065705,14.4142136
41.97694167,-87.90815,28.42938889,-81.309,1659322200,7.07E+13,FFT1155,-0.453282629,15.06933864
44.47195556,-73.153275,39.86166667,-104.6731667,1659371820,7.07E+11,FFT703,1.425560185,31.85527172
41.93903333,-72.68431667,39.86166667,-104.6731667,1659394860,7.07E+11,FFT747,1.505947051,32.05623151
39.87208333,-75.24066389,28.42938889,-81.309,1659399300,7.07E+13,FFT1165,0.487611535,12.95221831
33.43427778,-112.0115833,41.78597222,-87.75241667,1659300600,7.07E+13,FFT1374,1.239235603,25.65653846
39.04883889,-84.66782222,28.42938889,-81.309,1659305100,7.07E+13,FFT1065,-0.306333635,11.13797131
39.87208333,-75.24066389,28.42938889,-81.309,1659392100,7.07E+13,FFT1167,0.487611535,12.95221831
39.87208333,-75.24066389,41.78597222,-87.75241667,1659350100,7.07E+13,FFT1463,-1.419005657,12.65728756
28.42938889,-81.309,10.59339722,-85.54448056,1659366300,7070845057,FFT29,0.233149684,18.33199101
27.97547222,-82.53325,18.4394,-66.00213333,1659385800,7.07E+11,FFT120,-1.047568406,19.08440441
29.98443611,-95.34144167,36.08004444,-115.1522361,1659480540,7.07E+13,FFT2139,-1.272298351,20.72737361
39.86166667,-104.6731667,36.89460556,-76.20123056,1659358320,7.07E+11,FFT674,-1.466961096,28.62611743
39.86166667,-104.6731667,34.63719722,-86.77505556,1659386700,7.07E+11,FFT854,-1.286786635,18.64503857
28.42938889,-81.309,41.97694167,-87.90815,1659349800,7070845252,FFT44,-0.453282629,15.06933864
33.6367,-84.42786389,39.17572778,-76.66899167,1659380340,7.07E+13,FFT1570,0.950804948,9.533148844
25.79536111,-80.29011667,33.6367,-84.42786389,1659348000,7.07E+13,FFT1515,-0.485548559,8.866089761
28.42938889,-81.309,18.4394,-66.00213333,1659359820,7070845157,FFT39,-0.992562169,18.27840379
28.42938889,-81.309,35.21375,-80.94905556,1659318900,7.07E+13,FFT1050,0.053005327,6.793902831
28.42938889,-81.309,36.08004444,-115.1522361,1659362400,7.07E+13,FFT1103,-1.348471684,34.69722122
41.78597222,-87.75241667,33.6367,-84.42786389,1659388740,7.07E+13,FFT1355,-0.387346998,8.801323134
42.94693333,-87.89706389,39.86166667,-104.6731667,1659311220,7.07E+11,FFT435,1.388920218,17.05744693
41.50411111,-74.10483333,28.42938889,-81.309,1659368460,7.07E+13,FFT1299,0.503610332,14.928107
41.78597222,-87.75241667,32.89723333,-97.03769444,1659359880,7.07E+13,FFT1371,0.807213703,12.85402903
36.124475,-86.67818056,28.42938889,-81.309,1659395280,7.07E+13,FFT1030,-0.609208552,9.383093846
39.86166667,-104.6731667,33.6367,-84.42786389,1659381900,7.07E+11,FFT420,-1.272494017,21.18071047
40.79613611,-73.10066389,33.67974167,-78.92832222,1659306240,7.07E+13,FFT2863,0.686163168,9.198079769
43.64564444,-70.30861667,35.87763889,-78.78747222,1659389460,7.07E+13,FFT1659,0.829123343,11.49925657
39.86166667,-104.6731667,39.04883889,-84.66782222,1659299820,7.07E+11,FFT646,-1.530188131,20.02185048
33.6367,-84.42786389,36.08004444,-115.1522361,1659320160,7.07E+13,FFT2001,-1.491438702,30.82137213
20.52183611,-103.3111444,36.08004444,-115.1522361,1659393300,7.07E+11,FFT209,-0.650556733,19.55170834
42.94041667,-78.73058333,27.97547222,-82.53325,1659401400,7.07E+13,FFT2501,0.248838411,15.44052577
40.27669444,-74.81347222,28.42938889,-81.309,1659353700,7.07E+11,FFT801,0.501514387,13.51112615
39.87208333,-75.24066389,28.42938889,-81.309,1659312000,7.07E+13,FFT1175,0.487611535,12.95221831
39.86166667,-104.6731667,40.78839444,-111.9777722,1659327240,7.07E+11,FFT571,-1.444601542,7.36315733
35.87763889,-78.78747222,39.87208333,-75.24066389,1659390120,7.07E+13,FFT1650,0.726109409,5.341856954
39.87208333,-75.24066389,26.07166667,-80.14969444,1659394800,7.07E+13,FFT2297,0.34175802,14.64752815
42.88083333,-85.52280556,39.86166667,-104.6731667,1659313020,7.07E+11,FFT499,1.414427524,19.38689504
40.79613611,-73.10066389,28.42938889,-81.309,1659305040,7.07E+13,FFT1093,0.585975469,14.84295181
32.89723333,-97.03769444,34.05601389,-117.6011889,1659389700,7.07E+13,FFT2735,-1.514504516,20.596118
39.86166667,-104.6731667,39.29761111,-94.71388889,1659401520,7.07E+11,FFT566,-1.514220576,9.975238001
46.92063889,-96.81575,39.86166667,-104.6731667,1659308280,7.07E+11,FFT493,0.838875128,10.56257951
34.72944167,-92.22477778,36.08004444,-115.1522361,1659302520,7.07E+13,FFT1999,-1.511956671,22.96720429
39.86166667,-104.6731667,38.69544444,-121.5907778,1659309060,7.07E+11,FFT627,1.501969816,16.95776045
30.62678056,-88.06809167,27.97547222,-82.53325,1659654000,7.07E+13,FFT9025,-1.124071898,6.137092815
33.6367,-84.42786389,26.07166667,-80.14969444,1659319320,7.07E+13,FFT1364,-0.514679803,8.690941441
29.53395833,-98.46905833,39.86166667,-104.6731667,1659465900,7.07E+13,FFT9015,-0.540952118,12.04792597
35.81108889,-83.99406944,39.86166667,-104.6731667,1659301620,7.07E+11,FFT589,-1.377367465,21.0720726
39.04883889,-84.66782222,27.97547222,-82.53325,1659391620,7.07E+13,FFT1759,-0.190430528,11.27722696
35.87763889,-78.78747222,39.87208333,-75.24066389,1659400320,7.07E+13,FFT1652,0.726109409,5.341856954
27.97547222,-82.53325,36.08004444,-115.1522361,1659323220,7.07E+13,FFT2101,-1.327265898,33.61074746
39.87208333,-75.24066389,28.42938889,-81.309,1659361920,7.07E+13,FFT1169,0.487611535,12.95221831
33.43427778,-112.0115833,32.89723333,-97.03769444,1659310560,7.07E+13,FFT2702,-1.534946297,14.98351642
36.08004444,-115.1522361,32.89723333,-97.03769444,1659391500,7.07E+13,FFT2132,-1.396866929,18.39203377
35.87763889,-78.78747222,42.21244444,-83.35338889,1659386400,7.07E+13,FFT1617,-0.624527786,7.808799933
42.21244444,-83.35338889,33.6367,-84.42786389,1659379140,7.07E+13,FFT1585,0.124642817,8.642794064
39.17572778,-76.66899167,28.42938889,-81.309,1659348300,7.07E+13,FFT1243,0.407595726,11.7052756
39.87208333,-75.24066389,32.89723333,-97.03769444,1659300540,7.07E+13,FFT2301,1.261101696,22.88578321
27.97547222,-82.53325,18.50361111,-77.91333333,1659359640,7070845652,FFT84,-0.453801071,10.53849054
39.86166667,-104.6731667,37.61880556,-122.3754167,1659374160,7.07E+11,FFT663,1.444768614,17.84376869
34.05601389,-117.6011889,28.42938889,-81.309,1659335100,7.07E+13,FFT1150,-1.416984086,36.72576594
36.08004444,-115.1522361,20.52183611,-103.3111444,1659376860,7.07E+11,FFT208,-0.650556733,19.55170834
39.86166667,-104.6731667,35.393075,-97.60076111,1659307020,7.07E+11,FFT466,-1.00729722,8.365837217
41.97694167,-87.90815,28.42938889,-81.309,1659387600,7.07E+13,FFT9208,-0.453282629,15.06933864
18.49486111,-67.12944444,28.42938889,-81.309,1659378960,7.07E+11,FFT139,-0.959652126,17.31342364
36.08004444,-115.1522361,34.05601389,-117.6011889,1659359040,7.07E+13,FFT2189,0.880111435,3.177116536
29.53395833,-98.46905833,36.08004444,-115.1522361,1659326340,7.07E+13,FFT2075,-1.1968792,17.9214861
36.08004444,-115.1522361,28.42938889,-81.309,1659308160,7.07E+13,FFT1102,-1.348471684,34.69722122
36.08004444,-115.1522361,33.43427778,-112.0115833,1659447000,7.07E+13,FFT9229,-0.870715998,4.106553449
33.6367,-84.42786389,25.79536111,-80.29011667,1659384960,7.07E+13,FFT1516,-0.485548559,8.866089761
18.4394,-66.00213333,25.79536111,-80.29011667,1659316500,7.07E+11,FFT123,-1.095350876,16.07036502
36.08004444,-115.1522361,29.53395833,-98.46905833,1659313260,7.07E+13,FFT2076,-1.1968792,17.9214861
42.21244444,-83.35338889,36.08004444,-115.1522361,1659306600,7.07E+13,FFT2131,1.380285357,32.38476515
35.81108889,-83.99406944,39.86166667,-104.6731667,1659398160,7.07E+11,FFT589,-1.377367465,21.0720726
33.43427778,-112.0115833,39.86166667,-104.6731667,1659375600,7.07E+11,FFT752,0.851482283,9.755187653
41.78597222,-87.75241667,36.08004444,-115.1522361,1659310980,7.07E+13,FFT2117,1.365483766,27.98763507
36.08004444,-115.1522361,37.61880556,-122.3754167,1659323880,7.07E+13,FFT2081,-1.360902966,7.38526396
18.57078056,-68.36618611,38.74869722,-90.370025,1659379560,70708455,FFT7,-0.828658171,29.85493672
39.86166667,-104.6731667,39.29761111,-94.71388889,1659317280,7.07E+11,FFT566,-1.514220576,9.975238001
33.6367,-84.42786389,40.77725,-73.87261111,1659310920,7.07E+13,FFT1512,0.976021994,12.74365786
41.40940833,-81.85469167,26.53616667,-81.75516667,1659371460,7.07E+13,FFT2425,-0.006691447,14.87357464
41.78597222,-87.75241667,39.86166667,-104.6731667,1659382560,7.07E+11,FFT879,1.457558233,17.02981895
39.87208333,-75.24066389,33.6367,-84.42786389,1659318060,7.07E+13,FFT2383,0.974506869,11.10336206
29.53395833,-98.46905833,39.86166667,-104.6731667,1659375360,7.07E+11,FFT991,-0.540952118,12.04792597
28.42938889,-81.309,43.11914444,-77.67186944,1659349140,7.07E+13,FFT1290,0.242715173,15.13332868
35.87763889,-78.78747222,29.99327778,-90.25902778,1659390900,7.07E+13,FFT1639,1.096840629,12.89272247
36.08004444,-115.1522361,35.393075,-97.60076111,1659372180,7.07E+13,FFT1990,-1.531676027,17.56491393
26.07166667,-80.14969444,33.6367,-84.42786389,1659368520,7.07E+13,FFT1365,-0.514679803,8.690941441
36.08004444,-115.1522361,32.89723333,-97.03769444,1659376320,7.07E+13,FFT2134,-1.396866929,18.39203377
32.89723333,-97.03769444,32.73355556,-117.1896667,1659306060,7.07E+13,FFT2707,1.562674334,20.15263696
39.86166667,-104.6731667,30.49404444,-81.68784722,1659355500,7.07E+11,FFT474,-1.18379999,24.82090365
48.31047222,-114.256,39.86166667,-104.6731667,1659305940,7.07E+11,FFT438,-0.84820644,12.7754847
39.86166667,-104.6731667,41.93903333,-72.68431667,1659328260,7.07E+11,FFT746,1.505947051,32.05623151
39.87208333,-75.24066389,26.53616667,-81.75516667,1659304200,7.07E+13,FFT2355,0.454399756,14.84201535
36.08004444,-115.1522361,39.49911111,-119.7681111,1659358980,7.07E+13,FFT2175,-0.933261517,5.74424224
27.97547222,-82.53325,39.87208333,-75.24066389,1659348900,7.07E+13,FFT2374,0.549921297,13.95389437
36.08004444,-115.1522361,29.99327778,-90.25902778,1659306780,7.07E+13,FFT1962,-1.330986497,25.62655944
29.99327778,-90.25902778,39.86166667,-104.6731667,1659401880,7.07E+11,FFT479,-0.970458706,17.46861472
41.72233333,-71.42772222,39.86166667,-104.6731667,1659312780,7.07E+11,FFT595,1.514887087,33.29747226
35.87763889,-78.78747222,36.08004444,-115.1522361,1659312900,7.07E+13,FFT2069,-1.565230404,36.36532717
18.4394,-66.00213333,25.79536111,-80.29011667,1659399960,7.07E+11,FFT119,-1.095350876,16.07036502
33.6367,-84.42786389,40.77725,-73.87261111,1659354300,7.07E+13,FFT1510,0.976021994,12.74365786
39.04883889,-84.66782222,36.08004444,-115.1522361,1659316500,7.07E+13,FFT2023,1.47371518,30.62863415
36.08004444,-115.1522361,39.04883889,-84.66782222,1659338580,7.07E+13,FFT2022,1.47371518,30.62863415
32.73355556,-117.1896667,33.43427778,-112.0115833,1659380760,7.07E+13,FFT2946,1.436288793,5.225280789
38.74869722,-90.370025,33.6367,-84.42786389,1659402480,7.07E+13,FFT1586,-0.860357145,7.838481628
33.43427778,-112.0115833,37.61880556,-122.3754167,1659400440,7.07E+13,FFT2791,-1.187050588,11.17673098
42.21244444,-83.35338889,36.08004444,-115.1522361,1659393000,7.07E+13,FFT2131,1.380285357,32.38476515
33.6367,-84.42786389,41.50411111,-74.10483333,1659302640,7.07E+13,FFT1494,0.919582023,12.9792572
26.07166667,-80.14969444,33.6367,-84.42786389,1659315600,7.07E+13,FFT1363,-0.514679803,8.690941441
37.61880556,-122.3754167,36.08004444,-115.1522361,1659316140,7.07E+13,FFT2078,-1.360902966,7.38526396
41.78597222,-87.75241667,36.08004444,-115.1522361,1659397380,7.07E+13,FFT2117,1.365483766,27.98763507
35.87763889,-78.78747222,36.08004444,-115.1522361,1659399300,7.07E+13,FFT2069,-1.565230404,36.36532717
35.87763889,-78.78747222,43.64564444,-70.30861667,1659379500,7.07E+13,FFT1658,0.829123343,11.49925657
33.43427778,-112.0115833,28.42938889,-81.309,1659337140,7.07E+13,FFT1286,-1.409205655,31.10783718
33.67566111,-117.8682333,39.86166667,-104.6731667,1659379500,7.07E+11,FFT582,1.132408937,14.5731413
36.08004444,-115.1522361,35.03893056,-106.6082611,1659315540,7.07E+11,FFT631,-1.449540543,8.607172992
28.42938889,-81.309,29.98443611,-95.34144167,1659349800,7.07E+13,FFT1251,-1.460428645,14.11834236
21.04274167,-86.8732,41.97694167,-87.90815,1659301440,7070845253,FFT45,-0.049398021,20.95976744
36.08004444,-115.1522361,37.61880556,-122.3754167,1659359400,7.07E+13,FFT2079,-1.360902966,7.38526396
33.43427778,-112.0115833,41.40940833,-81.85469167,1659384660,7.07E+13,FFT2414,1.312260221,31.19360223
28.42938889,-81.309,36.89460556,-76.20123056,1659384720,7.07E+13,FFT1158,0.542903428,9.886819606
39.86166667,-104.6731667,33.67566111,-117.8682333,1659368100,7.07E+11,FFT583,1.132408937,14.5731413
26.53616667,-81.75516667,39.04883889,-84.66782222,1659384420,7.07E+13,FFT1742,-0.228703749,12.84719924
37.61880556,-122.3754167,32.89723333,-97.03769444,1659368400,7.07E+13,FFT2710,-1.386563835,25.77389015
39.87208333,-75.24066389,21.04274167,-86.8732,1659351000,7070845749,FFT91,0.55339614,22.1327812
47.44988889,-122.3117778,39.86166667,-104.6731667,1659326880,7.07E+11,FFT424,-1.164525102,19.20160717
29.99327778,-90.25902778,36.08004444,-115.1522361,1659321960,7.07E+13,FFT1963,-1.330986497,25.62655944
23.15207222,-109.7207472,36.08004444,-115.1522361,1659389100,7070845557,FFT79,-0.397742433,14.02260808
33.6367,-84.42786389,39.04883889,-84.66782222,1659361380,7.07E+13,FFT1698,-0.044308043,5.417455802
39.86166667,-104.6731667,47.44988889,-122.3117778,1659394080,7.07E+11,FFT423,-1.164525102,19.20160717
29.98443611,-95.34144167,39.87208333,-75.24066389,1659329400,7.07E+13,FFT2318,1.1136467,22.4010454
25.79536111,-80.29011667,36.08004444,-115.1522361,1659394500,7.07E+13,FFT2161,-1.283923528,36.34751824
28.42938889,-81.309,39.87208333,-75.24066389,1659305220,7.07E+13,FFT1160,0.487611535,12.95221831
18.4394,-66.00213333,27.97547222,-82.53325,1659364680,7.07E+11,FFT121,-1.047568406,19.08440441
39.86166667,-104.6731667,34.05601389,-117.6011889,1659328800,7.07E+11,FFT975,1.14871182,14.17178049
42.94041667,-78.73058333,35.87763889,-78.78747222,1659305700,7.07E+13,FFT1601,0.008054573,7.063006889
28.42938889,-81.309,41.93903333,-72.68431667,1659293580,7.07E+13,FFT1206,0.568183936,16.02796479
39.87208333,-75.24066389,33.6367,-84.42786389,1659368400,7.07E+13,FFT2381,0.974506869,11.10336206
28.42938889,-81.309,39.04883889,-84.66782222,1659317040,7.07E+13,FFT1064,-0.306333635,11.13797131
38.74869722,-90.370025,36.08004444,-115.1522361,1659316380,7.07E+13,FFT2097,1.463525478,24.92548284
25.79536111,-80.29011667,36.08004444,-115.1522361,1659308100,7.07E+13,FFT2161,-1.283923528,36.34751824
30.19452778,-97.669875,36.08004444,-115.1522361,1659314340,7.07E+13,FFT2007,-1.246059649,18.44647001
28.42938889,-81.309,39.86166667,-104.6731667,1659350400,7.07E+11,FFT679,-1.115738704,26.01117569
25.79536111,-80.29011667,21.04274167,-86.8732,1659352560,70708457,FFT9,0.945493966,8.119382838
28.42938889,-81.309,42.21244444,-83.35338889,1659357300,7.07E+13,FFT1070,-0.147252624,13.93384894
39.87208333,-75.24066389,35.21375,-80.94905556,1659390240,7.07E+13,FFT2315,0.886345099,7.367890123
39.86166667,-104.6731667,39.87208333,-75.24066389,1659336000,7.07E+11,FFT520,1.57044241,29.43250465
39.86166667,-104.6731667,35.87763889,-78.78747222,1659383400,7.07E+11,FFT558,-1.418086118,26.19048789
36.08004444,-115.1522361,30.19452778,-97.669875,1659301020,7.07E+13,FFT2006,-1.246059649,18.44647001
38.74869722,-90.370025,36.08004444,-115.1522361,1659376740,7.07E+13,FFT2095,1.463525478,24.92548284
33.43427778,-112.0115833,32.73355556,-117.1896667,1659475740,7.07E+13,FFT2947,1.436288793,5.225280789
39.17572778,-76.66899167,39.86166667,-104.6731667,1659355200,7.07E+11,FFT727,-1.546307058,28.01257452
42.21244444,-83.35338889,35.87763889,-78.78747222,1659396240,7.07E+13,FFT1614,-0.624527786,7.808799933
26.07166667,-80.14969444,42.94041667,-78.73058333,1659349320,7.07E+13,FFT2662,0.083929007,16.92833728
35.87763889,-78.78747222,28.42938889,-81.309,1659318060,7.07E+13,FFT1191,0.326428878,7.863493524
27.97547222,-82.53325,39.86166667,-104.6731667,1659315600,7.07E+11,FFT739,-1.078091781,25.12881871
36.08004444,-115.1522361,42.94693333,-87.89706389,1659303900,7.07E+13,FFT2050,1.323984999,28.1069133
40.79613611,-73.10066389,27.97547222,-82.53325,1659371400,7.07E+13,FFT2521,0.634307558,15.91675543
25.79536111,-80.29011667,18.42972222,-69.66888889,1659379680,7070845356,FFT58,-0.96445772,12.92528978
37.61880556,-122.3754167,36.08004444,-115.1522361,1659332940,7.07E+13,FFT2080,-1.360902966,7.38526396
29.98443611,-95.34144167,21.04274167,-86.8732,1659378240,7.07E+11,FFT160,-0.758210464,12.31523514
32.89723333,-97.03769444,39.87208333,-75.24066389,1659316920,7.07E+13,FFT2300,1.261101696,22.88578321
32.89723333,-97.03769444,33.43427778,-112.0115833,1659379200,7.07E+13,FFT2703,-1.534946297,14.98351642
39.86166667,-104.6731667,41.30316667,-95.89405556,1659366300,7.07E+11,FFT598,1.408051938,8.896668739
32.73355556,-117.1896667,39.86166667,-104.6731667,1659314580,7.07E+11,FFT554,1.053107417,14.40391406
39.86166667,-104.6731667,32.73355556,-117.1896667,1659326220,7.07E+11,FFT551,1.053107417,14.40391406
21.04274167,-86.8732,39.87208333,-75.24066389,1659368940,7070845748,FFT90,0.55339614,22.1327812
18.4394,-66.00213333,28.42938889,-81.309,1659385020,7.07E+11,FFT131,-0.992562169,18.27840379
39.86166667,-104.6731667,28.42938889,-81.309,1659369120,7.07E+11,FFT680,-1.115738704,26.01117569
39.86166667,-104.6731667,36.08004444,-115.1522361,1659319080,7.07E+11,FFT781,1.22446736,11.14053689
39.86166667,-104.6731667,41.78597222,-87.75241667,1659368700,7.07E+11,FFT878,1.457558233,17.02981895
39.86166667,-104.6731667,44.47195556,-73.153275,1659355500,7.07E+11,FFT702,1.425560185,31.85527172
34.05601389,-117.6011889,39.86166667,-104.6731667,1659357000,7.07E+11,FFT974,1.14871182,14.17178049
36.08004444,-115.1522361,40.78839444,-111.9777722,1659393780,7.07E+13,FFT2086,0.593213644,5.678536852
39.29761111,-94.71388889,39.87208333,-75.24066389,1659383700,7.07E+13,FFT2330,1.54130426,19.4816968
36.08004444,-115.1522361,38.69544444,-121.5907778,1659394380,7.07E+13,FFT2093,-1.184947995,6.949470223
36.08004444,-115.1522361,35.87763889,-78.78747222,1659330480,7.07E+13,FFT2068,-1.565230404,36.36532717
25.79536111,-80.29011667,18.4394,-66.00213333,1659351600,7.07E+11,FFT118,-1.095350876,16.07036502
39.86166667,-104.6731667,37.72125,-122.2211389,1659393420,7.07E+11,FFT743,1.449420739,17.67802907
32.89723333,-97.03769444,28.42938889,-81.309,1659398520,7.07E+13,FFT1246,-1.294029623,16.35094684
32.89863889,-80.04052778,39.87208333,-75.24066389,1659401460,7.07E+13,FFT2310,0.602834474,8.465673081
39.87208333,-75.24066389,25.79536111,-80.29011667,1659358020,7.07E+13,FFT2291,0.344412595,14.95496847
28.42938889,-81.309,18.4394,-66.00213333,1659398400,7.07E+11,FFT104,-0.992562169,18.27840379
26.53616667,-81.75516667,41.40940833,-81.85469167,1659385020,7.07E+13,FFT2424,-0.006691447,14.87357464
33.6367,-84.42786389,28.42938889,-81.309,1659398760,7.07E+13,FFT1012,-0.539639296,6.069876519
28.42938889,-81.309,40.27669444,-74.81347222,1659315600,7.07E+11,FFT798,0.501514387,13.51112615
42.36294444,-71.00638889,39.87208333,-75.24066389,1659366120,7.07E+13,FFT2287,1.039052765,4.912583215
47.44988889,-122.3117778,36.08004444,-115.1522361,1659371820,7.07E+13,FFT2166,-0.561968846,13.4362346
38.17408611,-85.73649444,39.86166667,-104.6731667,1659367740,7.07E+11,FFT643,-1.481914067,19.01171966
28.42938889,-81.309,39.86166667,-104.6731667,1659313020,7.07E+11,FFT681,-1.115738704,26.01117569
28.42938889,-81.309,41.72233333,-71.42772222,1659348300,7.07E+13,FFT1182,0.639229933,16.5632733
28.42938889,-81.309,41.93903333,-72.68431667,1659379980,7.07E+13,FFT1206,0.568183936,16.02796479
41.40940833,-81.85469167,28.42938889,-81.309,1659346920,7.07E+13,FFT1043,-0.042016156,12.99148506
32.73355556,-117.1896667,36.08004444,-115.1522361,1659309960,7.07E+13,FFT2126,0.546884197,3.917921805
18.57078056,-68.36618611,41.97694167,-87.90815,1659390600,7070845649,FFT81,-0.695666182,30.49158459
21.04274167,-86.8732,41.97694167,-87.90815,1659383760,7070845253,FFT45,-0.049398021,20.95976744
39.87208333,-75.24066389,27.97547222,-82.53325,1659346200,7.07E+13,FFT2377,0.549921297,13.95389437
27.97547222,-82.53325,28.42938889,-81.309,1659391200,7.07E+13,FFT9212,1.215738222,1.305690777
33.6367,-84.42786389,40.77725,-73.87261111,1659397320,7.07E+13,FFT1512,0.976021994,12.74365786
41.78597222,-87.75241667,39.87208333,-75.24066389,1659360360,7.07E+13,FFT1462,-1.419005657,12.65728756
18.4394,-66.00213333,41.93903333,-72.68431667,1659337020,7.07E+11,FFT114,-0.277040349,24.43121652
37.61880556,-122.3754167,39.86166667,-104.6731667,1659361140,7.07E+11,FFT662,1.444768614,17.84376869
35.87763889,-78.78747222,39.87208333,-75.24066389,1659314820,7.07E+13,FFT1648,0.726109409,5.341856954
41.53397222,-93.66307222,36.08004444,-115.1522361,1659311640,7.07E+13,FFT1959,1.322245366,22.17046442
27.97547222,-82.53325,18.4394,-66.00213333,1659302340,7.07E+11,FFT120,-1.047568406,19.08440441
42.94041667,-78.73058333,33.6367,-84.42786389,1659358380,7.07E+13,FFT1367,0.549462627,10.90954397
41.30316667,-95.89405556,36.08004444,-115.1522361,1659393540,7.07E+13,FFT2059,1.305951679,19.95390998
39.86166667,-104.6731667,40.78839444,-111.9777722,1659372420,7.07E+11,FFT573,-1.444601542,7.36315733
45.58870833,-122.5968694,39.86166667,-104.6731667,1659327600,7.07E+11,FFT790,-1.26152581,18.8164323
39.86166667,-104.6731667,31.80733333,-106.3763611,1659370500,7.07E+11,FFT987,0.208393096,8.232445367
33.6367,-84.42786389,38.74869722,-90.370025,1659349800,7.07E+13,FFT1587,-0.860357145,7.838481628
41.78597222,-87.75241667,40.27669444,-74.81347222,1659379560,7.07E+11,FFT838,-1.454674962,13.02667275
36.08004444,-115.1522361,33.67566111,-117.8682333,1659318060,7.07E+13,FFT2123,0.846180759,3.627354406
38.69544444,-121.5907778,39.86166667,-104.6731667,1659321840,7.07E+11,FFT626,1.501969816,16.95776045
36.89460556,-76.20123056,28.42938889,-81.309,1659481860,7.07E+13,FFT1159,0.542903428,9.886819606
21.04274167,-86.8732,25.79536111,-80.29011667,1659389940,70708456,FFT8,0.945493966,8.119382838
28.42938889,-81.309,18.57078056,-68.36618611,1659376800,7.07E+13,FFT9267,-0.919845898,16.26986753
36.08004444,-115.1522361,45.58870833,-122.5968694,1659375480,7.07E+13,FFT2171,-0.664246376,12.07630962
10.59339722,-85.54448056,28.42938889,-81.309,1659382560,7070845056,FFT28,0.233149684,18.33199101
42.21244444,-83.35338889,28.42938889,-81.309,1659370680,7.07E+13,FFT1071,-0.147252624,13.93384894
39.86166667,-104.6731667,35.21375,-80.94905556,1659336120,7.07E+11,FFT658,-1.377331418,24.17512314
38.85143889,-77.03772222,39.86166667,-104.6731667,1659351600,7.07E+11,FFT535,-1.534257086,27.65390301
18.57078056,-68.36618611,25.79536111,-80.29011667,1659387540,7070845455,FFT67,-1.026057793,13.94183217
36.08004444,-115.1522361,32.73355556,-117.1896667,1659373260,7.07E+13,FFT2127,0.546884197,3.917921805
39.87208333,-75.24066389,26.53616667,-81.75516667,1659363840,7.07E+13,FFT2355,0.454399756,14.84201535
39.99694722,-82.89215833,39.86166667,-104.6731667,1659368940,7.07E+11,FFT767,1.564585466,21.78142848
33.6367,-84.42786389,41.72233333,-71.42772222,1659358800,7.07E+13,FFT1546,1.014382449,15.30951174
36.08004444,-115.1522361,41.30316667,-95.89405556,1659294360,7.07E+13,FFT2058,1.305951679,19.95390998
28.42938889,-81.309,40.79613611,-73.10066389,1659403320,7.07E+13,FFT1092,0.585975469,14.84295181
38.74869722,-90.370025,28.42938889,-81.309,1659309480,7.07E+13,FFT1210,-0.720563378,13.7328183
39.04883889,-84.66782222,26.53616667,-81.75516667,1659373020,7.07E+13,FFT1743,-0.228703749,12.84719924
36.08004444,-115.1522361,39.86166667,-104.6731667,1659383940,7.07E+11,FFT780,1.22446736,11.14053689
33.6367,-84.42786389,40.77725,-73.87261111,1659483720,7.07E+13,FFT1512,0.976021994,12.74365786
33.6367,-84.42786389,41.93903333,-72.68431667,1659394020,7.07E+13,FFT1558,0.955407939,14.3819206
33.43427778,-112.0115833,32.73355556,-117.1896667,1659389340,7.07E+13,FFT2947,1.436288793,5.225280789
41.93903333,-72.68431667,39.86166667,-104.6731667,1659308460,7.07E+11,FFT747,1.505947051,32.05623151
35.87763889,-78.78747222,39.86166667,-104.6731667,1659375120,7.07E+11,FFT559,-1.418086118,26.19048789
40.47711111,-88.91591667,39.86166667,-104.6731667,1659388380,7.07E+11,FFT579,1.531758311,15.76926442
40.78839444,-111.9777722,36.08004444,-115.1522361,1659402300,7.07E+13,FFT2087,0.593213644,5.678536852
28.42938889,-81.309,38.74869722,-90.370025,1659400500,7.07E+13,FFT1211,-0.720563378,13.7328183
25.79536111,-80.29011667,33.6367,-84.42786389,1659308400,7.07E+13,FFT1515,-0.485548559,8.866089761
39.87208333,-75.24066389,33.6367,-84.42786389,1659347100,7.07E+13,FFT2385,0.974506869,11.10336206
41.40940833,-81.85469167,36.08004444,-115.1522361,1659402660,7.07E+13,FFT2017,1.412089622,33.72133723
26.68316111,-80.09559167,39.87208333,-75.24066389,1659308460,7.07E+13,FFT2346,0.352713385,14.05410947
33.6367,-84.42786389,39.86166667,-104.6731667,1659315780,7.07E+11,FFT419,-1.272494017,21.18071047
39.86166667,-104.6731667,32.73355556,-117.1896667,1659390300,7.07E+11,FFT553,1.053107417,14.40391406
35.21375,-80.94905556,28.42938889,-81.309,1659346200,7.07E+13,FFT1051,0.053005327,6.793902831
27.39544444,-82.55438889,39.87208333,-75.24066389,1659388560,7.07E+13,FFT2370,0.530205825,14.46226439
33.6367,-84.42786389,40.27669444,-74.81347222,1659374280,7.07E+11,FFT806,0.966386172,11.68443637
18.4394,-66.00213333,18.57078056,-68.36618611,1659374460,7070845157,FFT39,-1.515279143,2.367700656
32.89723333,-97.03769444,37.61880556,-122.3754167,1659384900,7.07E+13,FFT2711,-1.386563835,25.77389015
39.86166667,-104.6731667,32.89723333,-97.03769444,1659368820,7.07E+11,FFT506,-0.831327707,10.33459087
32.73355556,-117.1896667,36.08004444,-115.1522361,1659322020,7.07E+13,FFT2118,0.546884197,3.917921805
28.42938889,-81.309,18.33730556,-64.97333333,1659365340,7.07E+11,FFT130,-1.017395357,19.20167054
41.50411111,-74.10483333,27.97547222,-82.53325,1659314460,7.07E+13,FFT2571,0.557163795,15.93933116
38.74869722,-90.370025,18.57078056,-68.36618611,1659360060,70708454,FFT6,-0.828658171,29.85493672
36.89460556,-76.20123056,28.42938889,-81.309,1659316080,7.07E+13,FFT1161,0.542903428,9.886819606
36.08004444,-115.1522361,34.20069444,-118.3586667,1659358800,7.07E+13,FFT1983,1.040645949,3.71660512
27.97547222,-82.53325,41.78597222,-87.75241667,1659357600,7.07E+13,FFT2594,-0.361322033,14.76379392
27.97547222,-82.53325,39.87208333,-75.24066389,1659318720,7.07E+13,FFT2378,0.549921297,13.95389437
39.86166667,-104.6731667,36.124475,-86.67818056,1659392700,7.07E+11,FFT994,-1.366027551,18.37895883
32.89723333,-97.03769444,41.78597222,-87.75241667,1659371340,7.07E+13,FFT1370,0.807213703,12.85402903
36.08004444,-115.1522361,28.42938889,-81.309,1659337140,7.07E+13,FFT1100,-1.348471684,34.69722122
33.6367,-84.42786389,29.98443611,-95.34144167,1659379620,7.07E+13,FFT1579,1.24785835,11.50848433
28.42938889,-81.309,33.43427778,-112.0115833,1659384060,7.07E+13,FFT1287,-1.409205655,31.10783718
41.40940833,-81.85469167,39.86166667,-104.6731667,1659368820,7.07E+11,FFT523,1.503071616,22.87090525
43.11119444,-76.10630556,39.86166667,-104.6731667,1659311760,7.07E+11,FFT655,1.457531524,28.75108669
41.78597222,-87.75241667,36.08004444,-115.1522361,1659401400,7.07E+13,FFT2115,1.365483766,27.98763507
28.42938889,-81.309,40.27669444,-74.81347222,1659381660,7.07E+11,FFT802,0.501514387,13.51112615
40.79613611,-73.10066389,28.42938889,-81.309,1659348000,7.07E+13,FFT1095,0.585975469,14.84295181
36.08004444,-115.1522361,36.28158056,-94.30776667,1659378660,7.07E+13,FFT1970,1.561128062,20.84544369
27.97547222,-82.53325,33.6367,-84.42786389,1659352020,7.07E+13,FFT2550,-0.322948431,5.969846042
39.87208333,-75.24066389,39.86166667,-104.6731667,1659401940,7.07E+11,FFT521,1.57044241,29.43250465
39.87208333,-75.24066389,29.53395833,-98.46905833,1659399000,7.07E+13,FFT2359,1.152054653,25.42508873
39.86166667,-104.6731667,33.43427778,-112.0115833,1659326340,7.07E+11,FFT753,0.851482283,9.755187653
28.42938889,-81.309,36.08004444,-115.1522361,1659400200,7.07E+13,FFT1101,-1.348471684,34.69722122
41.72233333,-71.42772222,33.6367,-84.42786389,1659370680,7.07E+13,FFT1547,1.014382449,15.30951174
42.94693333,-87.89706389,39.86166667,-104.6731667,1659381180,7.07E+11,FFT437,1.388920218,17.05744693
18.4394,-66.00213333,28.42938889,-81.309,1659360600,7.07E+13,FFT9358,-0.992562169,18.27840379
39.86166667,-104.6731667,32.73355556,-117.1896667,1659302700,7.07E+11,FFT553,1.053107417,14.40391406
41.40940833,-81.85469167,28.42938889,-81.309,1659388800,7.07E+13,FFT1047,-0.042016156,12.99148506
39.86166667,-104.6731667,33.43427778,-112.0115833,1659372900,7.07E+11,FFT751,0.851482283,9.755187653
36.08004444,-115.1522361,38.74869722,-90.370025,1659300900,7.07E+13,FFT2094,1.463525478,24.92548284
25.79536111,-80.29011667,39.86166667,-104.6731667,1659403800,7.07E+11,FFT617,-1.047543812,28.14949522
33.6367,-84.42786389,42.21244444,-83.35338889,1659369180,7.07E+13,FFT1582,0.124642817,8.642794064
39.86166667,-104.6731667,37.61880556,-122.3754167,1659307680,7.07E+11,FFT663,1.444768614,17.84376869
32.89723333,-97.03769444,36.08004444,-115.1522361,1659379860,7.07E+13,FFT2135,-1.396866929,18.39203377
25.79536111,-80.29011667,39.87208333,-75.24066389,1659383280,7.07E+13,FFT2326,0.344412595,14.95496847
39.87208333,-75.24066389,28.42938889,-81.309,1659346200,7.07E+13,FFT1163,0.487611535,12.95221831
39.86166667,-104.6731667,36.53208333,-93.20054444,1659387780,7.07E+11,FFT734,-1.288336071,11.94601133
36.08004444,-115.1522361,25.79536111,-80.29011667,1659333600,7.07E+13,FFT2158,-1.283923528,36.34751824
21.04274167,-86.8732,28.42938889,-81.309,1659387000,7.07E+11,FFT164,0.64559583,9.247858065
29.6458,-95.27723056,28.42938889,-81.309,1659370140,7.07E+13,FFT1338,-1.483931346,14.02109557
36.08004444,-115.1522361,47.61902778,-117.5352222,1659399720,7.07E+13,FFT2026,-0.203653139,11.78247679
39.29761111,-94.71388889,39.86166667,-104.6731667,1659326220,7.07E+11,FFT569,-1.514220576,9.975238001
39.86166667,-104.6731667,36.08004444,-115.1522361,1659353400,7.07E+11,FFT779,1.22446736,11.14053689
36.08004444,-115.1522361,32.89723333,-97.03769444,1659320040,7.07E+13,FFT2136,-1.396866929,18.39203377
39.86166667,-104.6731667,36.08004444,-115.1522361,1659326280,7.07E+11,FFT771,1.22446736,11.14053689
42.94693333,-87.89706389,36.08004444,-115.1522361,1659319800,7.07E+13,FFT2051,1.323984999,28.1069133
36.08004444,-115.1522361,41.78597222,-87.75241667,1659339180,7.07E+13,FFT2114,1.365483766,27.98763507
39.87208333,-75.24066389,27.39544444,-82.55438889,1659374340,7.07E+13,FFT2371,0.530205825,14.46226439
28.42938889,-81.309,33.6367,-84.42786389,1659348000,7.07E+13,FFT1013,-0.539639296,6.069876519
18.4394,-66.00213333,39.87208333,-75.24066389,1659396180,7.07E+11,FFT113,-0.406982786,23.33903086
42.88083333,-85.52280556,39.86166667,-104.6731667,1659398220,7.07E+11,FFT501,1.414427524,19.38689504
39.86166667,-104.6731667,38.85143889,-77.03772222,1659358860,7.07E+11,FFT534,-1.534257086,27.65390301
33.6367,-84.42786389,28.42938889,-81.309,1659347100,7.07E+13,FFT1010,-0.539639296,6.069876519
39.04883889,-84.66782222,25.79536111,-80.29011667,1659369540,7.07E+13,FFT1771,-0.319023642,13.95775695
28.42938889,-81.309,41.40940833,-81.85469167,1659355200,7.07E+11,FFT207,-0.042016156,12.99148506
36.89460556,-76.20123056,39.86166667,-104.6731667,1659374820,7.07E+11,FFT675,-1.466961096,28.62611743
33.43427778,-112.0115833,41.78597222,-87.75241667,1659387600,7.07E+13,FFT1374,1.239235603,25.65653846
33.43427778,-112.0115833,32.89723333,-97.03769444,1659393000,7.07E+13,FFT2702,-1.534946297,14.98351642
39.86166667,-104.6731667,43.13987778,-89.33750556,1659369720,7.07E+11,FFT482,1.360201929,15.68212902
18.4394,-66.00213333,28.42938889,-81.309,1659337680,7.07E+11,FFT105,-0.992562169,18.27840379
43.58201944,-96.741925,36.08004444,-115.1522361,1659305640,7.07E+13,FFT1951,1.183851763,19.88012031
28.42938889,-81.309,35.21375,-80.94905556,1659359280,7.07E+13,FFT1052,0.053005327,6.793902831
36.08004444,-115.1522361,39.86166667,-104.6731667,1659358800,7.07E+11,FFT776,1.22446736,11.14053689
28.42938889,-81.309,18.4394,-66.00213333,1659323160,7.07E+11,FFT106,-0.992562169,18.27840379
33.43427778,-112.0115833,36.08004444,-115.1522361,1659370980,7.07E+13,FFT2151,-0.870715998,4.106553449
27.97547222,-82.53325,41.40940833,-81.85469167,1659359160,7.07E+13,FFT2434,0.05046787,13.45106244
39.04883889,-84.66782222,25.79536111,-80.29011667,1659304260,7.07E+13,FFT1771,-0.319023642,13.95775695
29.99327778,-90.25902778,35.87763889,-78.78747222,1659380220,7.07E+13,FFT1638,1.096840629,12.89272247
28.42938889,-81.309,29.6458,-95.27723056,1659358740,7.07E+13,FFT1339,-1.483931346,14.02109557
36.08004444,-115.1522361,29.98443611,-95.34144167,1659310500,7.07E+13,FFT2138,-1.272298351,20.72737361
28.42938889,-81.309,36.08004444,-115.1522361,1659313380,7.07E+13,FFT1105,-1.348471684,34.69722122
39.17572778,-76.66899167,33.6367,-84.42786389,1659390000,7.07E+13,FFT1571,0.950804948,9.533148844
36.08004444,-115.1522361,29.98443611,-95.34144167,1659396900,7.07E+13,FFT2138,-1.272298351,20.72737361
39.86166667,-104.6731667,36.124475,-86.67818056,1659306300,7.07E+11,FFT994,-1.366027551,18.37895883
28.42938889,-81.309,38.74869722,-90.370025,1659319380,7.07E+13,FFT1211,-0.720563378,13.7328183
21.04274167,-86.8732,39.86166667,-104.6731667,1659369660,7070845549,FFT71,-0.757579314,25.9034892
36.08004444,-115.1522361,33.43427778,-112.0115833,1659326400,7.07E+13,FFT2150,-0.870715998,4.106553449
41.40940833,-81.85469167,36.08004444,-115.1522361,1659316260,7.07E+13,FFT2017,1.412089622,33.72133723
39.86166667,-104.6731667,38.85143889,-77.03772222,1659392820,7.07E+11,FFT538,-1.534257086,27.65390301
35.393075,-97.60076111,36.08004444,-115.1522361,1659384180,7.07E+13,FFT1991,-1.531676027,17.56491393
28.42938889,-81.309,32.89723333,-97.03769444,1659351600,7070845650,FFT82,-1.294029623,16.35094684
36.08004444,-115.1522361,38.74869722,-90.370025,1659361500,7.07E+13,FFT2094,1.463525478,24.92548284
32.89723333,-97.03769444,39.86166667,-104.6731667,1659348900,7.07E+11,FFT509,-0.831327707,10.33459087
33.6367,-84.42786389,41.78597222,-87.75241667,1659379260,7.07E+13,FFT1354,-0.387346998,8.801323134
32.89723333,-97.03769444,39.86166667,-104.6731667,1659313800,7.07E+11,FFT505,-0.831327707,10.33459087
28.42938889,-81.309,39.04883889,-84.66782222,1659361860,7.07E+13,FFT1062,-0.306333635,11.13797131
27.97547222,-82.53325,21.04274167,-86.8732,1659383760,7.07E+11,FFT169,0.559324381,8.179114798
39.49911111,-119.7681111,36.08004444,-115.1522361,1659367140,7.07E+13,FFT2174,-0.933261517,5.74424224
39.86166667,-104.6731667,36.08004444,-115.1522361,1659364200,7.07E+11,FFT773,1.22446736,11.14053689
41.40940833,-81.85469167,28.42938889,-81.309,1659317220,7.07E+13,FFT1045,-0.042016156,12.99148506
39.86166667,-104.6731667,40.47711111,-88.91591667,1659377700,7.07E+11,FFT578,1.531758311,15.76926442
42.21244444,-83.35338889,36.08004444,-115.1522361,1659391440,7.07E+13,FFT2131,1.380285357,32.38476515
39.86166667,-104.6731667,45.58870833,-122.5968694,1659314880,7.07E+11,FFT791,-1.26152581,18.8164323
41.97694167,-87.90815,21.04274167,-86.8732,1659365340,7070845252,FFT44,-0.049398021,20.95976744
38.74869722,-90.370025,39.86166667,-104.6731667,1659371280,7.07E+11,FFT699,-1.493139871,14.34637806
38.74869722,-90.370025,21.04274167,-86.8732,1659354000,7070845654,FFT86,-0.19498506,18.0479541
39.86166667,-104.6731667,42.94693333,-87.89706389,1659367680,7.07E+11,FFT434,1.388920218,17.05744693
33.43427778,-112.0115833,39.86166667,-104.6731667,1659360000,7.07E+11,FFT750,0.851482283,9.755187653
41.30316667,-95.89405556,39.86166667,-104.6731667,1659374520,7.07E+11,FFT599,1.408051938,8.896668739
37.72125,-122.2211389,36.08004444,-115.1522361,1659367260,7.07E+13,FFT2194,-1.342665474,7.256923762
35.04241111,-89.97668056,36.08004444,-115.1522361,1659298860,7.07E+13,FFT2047,-1.529603736,25.19692997
38.85143889,-77.03772222,39.86166667,-104.6731667,1659374280,7.07E+11,FFT537,-1.534257086,27.65390301
39.86166667,-104.6731667,37.61880556,-122.3754167,1659327420,7.07E+11,FFT667,1.444768614,17.84376869
32.73355556,-117.1896667,39.86166667,-104.6731667,1659402180,7.07E+11,FFT554,1.053107417,14.40391406
39.87208333,-75.24066389,36.08004444,-115.1522361,1659401640,7.07E+13,FFT2145,1.476069667,40.09131022
40.77725,-73.87261111,33.6367,-84.42786389,1659321900,7.07E+13,FFT1513,0.976021994,12.74365786
28.42938889,-81.309,40.77725,-73.87261111,1659377880,7.07E+13,FFT1334,0.542065705,14.4142136
36.08004444,-115.1522361,42.21244444,-83.35338889,1659332220,7.07E+13,FFT2130,1.380285357,32.38476515
28.42938889,-81.309,39.87208333,-75.24066389,1659374880,7.07E+13,FFT1160,0.487611535,12.95221831
39.86166667,-104.6731667,25.79536111,-80.29011667,1659335400,7.07E+11,FFT614,-1.047543812,28.14949522
39.87208333,-75.24066389,27.97547222,-82.53325,1659375000,7.07E+13,FFT2375,0.549921297,13.95389437
27.97547222,-82.53325,39.04883889,-84.66782222,1659379980,7.07E+13,FFT1758,-0.190430528,11.27722696
39.86166667,-104.6731667,21.04274167,-86.8732,1659358860,7070845548,FFT70,-0.757579314,25.9034892
36.08004444,-115.1522361,41.40940833,-81.85469167,1659333060,7.07E+13,FFT2014,1.412089622,33.72133723
18.4394,-66.00213333,28.42938889,-81.309,1659391320,7.07E+11,FFT111,-0.992562169,18.27840379
39.87208333,-75.24066389,35.87763889,-78.78747222,1659348000,7.07E+13,FFT1651,0.726109409,5.341856954
33.67566111,-117.8682333,39.86166667,-104.6731667,1659320760,7.07E+11,FFT584,1.132408937,14.5731413
43.13987778,-89.33750556,39.86166667,-104.6731667,1659380340,7.07E+11,FFT483,1.360201929,15.68212902
39.86166667,-104.6731667,29.99327778,-90.25902778,1659366360,7.07E+11,FFT478,-0.970458706,17.46861472
39.87208333,-75.24066389,27.97547222,-82.53325,1659314280,7.07E+13,FFT2373,0.549921297,13.95389437
39.86166667,-104.6731667,39.04883889,-84.66782222,1659389160,7.07E+11,FFT646,-1.530188131,20.02185048
39.86166667,-104.6731667,27.97547222,-82.53325,1659331140,7.07E+11,FFT738,-1.078091781,25.12881871
38.74869722,-90.370025,36.08004444,-115.1522361,1659329100,7.07E+13,FFT9205,1.463525478,24.92548284
39.86166667,-104.6731667,38.85143889,-77.03772222,1659378780,7.07E+11,FFT536,-1.534257086,27.65390301
42.74911667,-73.80198056,35.87763889,-78.78747222,1659375720,7.07E+13,FFT1675,0.62765821,8.489542624
33.67566111,-117.8682333,36.08004444,-115.1522361,1659325020,7.07E+13,FFT2122,0.846180759,3.627354406
21.04274167,-86.8732,33.6367,-84.42786389,1659365040,7.07E+11,FFT154,0.191781049,12.82916424
41.93903333,-72.68431667,33.6367,-84.42786389,1659319140,7.07E+13,FFT1559,0.955407939,14.3819206
28.42938889,-81.309,39.86166667,-104.6731667,1659399420,7.07E+11,FFT681,-1.115738704,26.01117569
21.04274167,-86.8732,41.40940833,-81.85469167,1659369660,7.07E+11,FFT206,0.241595052,20.97585604
36.08004444,-115.1522361,39.86166667,-104.6731667,1659327900,7.07E+11,FFT778,1.22446736,11.14053689
39.86166667,-104.6731667,42.88083333,-85.52280556,1659385620,7.07E+11,FFT498,1.414427524,19.38689504
39.86166667,-104.6731667,39.71730556,-86.29463889,1659303900,7.07E+11,FFT606,-1.562941609,18.37909477
39.87208333,-75.24066389,18.4394,-66.00213333,1659357660,7.07E+11,FFT112,-0.406982786,23.33903086
35.21375,-80.94905556,39.87208333,-75.24066389,1659353700,7.07E+13,FFT2314,0.886345099,7.367890123
39.86166667,-104.6731667,46.92063889,-96.81575,1659392220,7.07E+11,FFT490,0.838875128,10.56257951
41.78597222,-87.75241667,33.43427778,-112.0115833,1659369900,7.07E+13,FFT1375,1.239235603,25.65653846
33.43427778,-112.0115833,36.08004444,-115.1522361,1659362700,7.07E+13,FFT2153,-0.870715998,4.106553449
26.07166667,-80.14969444,39.87208333,-75.24066389,1659376740,7.07E+13,FFT2296,0.34175802,14.64752815
39.12241667,-108.52675,39.86166667,-104.6731667,1659389280,7.07E+11,FFT782,1.381264452,3.923849489
39.17572778,-76.66899167,28.42938889,-81.309,1659394500,7.07E+13,FFT1241,0.407595726,11.7052756
41.78597222,-87.75241667,27.97547222,-82.53325,1659402300,7.07E+13,FFT2595,-0.361322033,14.76379392
39.17572778,-76.66899167,28.42938889,-81.309,1659308100,7.07E+13,FFT1241,0.407595726,11.7052756
39.86166667,-104.6731667,38.85143889,-77.03772222,1659306420,7.07E+11,FFT538,-1.534257086,27.65390301
33.6367,-84.42786389,25.79536111,-80.29011667,1659314700,7.07E+13,FFT1514,-0.485548559,8.866089761
36.08004444,-115.1522361,33.43427778,-112.0115833,1659450600,7.07E+13,FFT9229,-0.870715998,4.106553449
18.4394,-66.00213333,39.87208333,-75.24066389,1659307320,7.07E+11,FFT113,-0.406982786,23.33903086
34.20069444,-118.3586667,36.08004444,-115.1522361,1659366240,7.07E+11,FFT208,1.040645949,3.71660512
28.42938889,-81.309,34.05601389,-117.6011889,1659311520,7.07E+13,FFT1151,-1.416984086,36.72576594
18.4394,-66.00213333,33.6367,-84.42786389,1659376680,7.07E+11,FFT101,-0.881123132,23.88441906
31.80733333,-106.3763611,36.08004444,-115.1522361,1659379980,7.07E+13,FFT1995,-1.117707705,9.760739841
39.71730556,-86.29463889,39.86166667,-104.6731667,1659315600,7.07E+11,FFT607,-1.562941609,18.37909477
35.87763889,-78.78747222,28.42938889,-81.309,1659345300,7.07E+13,FFT1189,0.326428878,7.863493524
39.86166667,-104.6731667,39.12241667,-108.52675,1659382440,7.07E+11,FFT783,1.381264452,3.923849489
39.86166667,-104.6731667,35.04241111,-89.97668056,1659315660,7.07E+11,FFT730,-1.253926652,15.46647759
25.79536111,-80.29011667,39.86166667,-104.6731667,1659316140,7.07E+11,FFT615,-1.047543812,28.14949522
35.04241111,-89.97668056,28.42938889,-81.309,1659314580,7.07E+13,FFT1122,-0.919057486,10.9023277
27.97547222,-82.53325,40.79613611,-73.10066389,1659358500,7.07E+13,FFT2518,0.634307558,15.91675543
27.97547222,-82.53325,42.94041667,-78.73058333,1659388560,7.07E+13,FFT2500,0.248838411,15.44052577
25.79536111,-80.29011667,39.04883889,-84.66782222,1659356580,7.07E+13,FFT1770,-0.319023642,13.95775695
35.87763889,-78.78747222,18.4394,-66.00213333,1659356340,7.07E+11,FFT102,-0.632648031,21.62306792
28.42938889,-81.309,39.87208333,-75.24066389,1659356700,7.07E+13,FFT1172,0.487611535,12.95221831
39.87208333,-75.24066389,39.04883889,-84.66782222,1659380940,7.07E+13,FFT1707,1.483690409,9.463035749
37.61880556,-122.3754167,39.86166667,-104.6731667,1659321060,7.07E+11,FFT664,1.444768614,17.84376869
37.15152778,-107.7537778,39.86166667,-104.6731667,1659305220,7.07E+11,FFT454,0.849287642,4.103049787
43.11914444,-77.67186944,28.42938889,-81.309,1659361620,7.07E+13,FFT1291,0.242715173,15.13332868
38.85143889,-77.03772222,39.86166667,-104.6731667,1659307620,7.07E+11,FFT539,-1.534257086,27.65390301
40.27669444,-74.81347222,26.07166667,-80.14969444,1659302160,7.07E+11,FFT811,0.359346799,15.1742572
39.86166667,-104.6731667,33.6367,-84.42786389,1659335040,7.07E+11,FFT418,-1.272494017,21.18071047
39.86166667,-104.6731667,41.88468889,-91.7108,1659361500,7.07E+11,FFT690,1.415976381,13.11928235
28.42938889,-81.309,18.50361111,-77.91333333,1659376560,70708451,FFT3,-0.329624935,10.49054892
18.4394,-66.00213333,35.87763889,-78.78747222,1659373200,7.07E+11,FFT103,-0.632648031,21.62306792
29.98443611,-95.34144167,33.6367,-84.42786389,1659361980,7.07E+13,FFT1578,1.24785835,11.50848433
36.08004444,-115.1522361,31.80733333,-106.3763611,1659365100,7.07E+13,FFT1994,-1.117707705,9.760739841
28.42938889,-81.309,35.87763889,-78.78747222,1659355800,7.07E+13,FFT1190,0.326428878,7.863493524
31.80733333,-106.3763611,39.86166667,-104.6731667,1659374100,7.07E+11,FFT986,0.208393096,8.232445367
39.86166667,-104.6731667,47.44988889,-122.3117778,1659312780,7.07E+11,FFT425,-1.164525102,19.20160717
40.78839444,-111.9777722,39.86166667,-104.6731667,1659354300,7.07E+11,FFT570,-1.444601542,7.36315733
40.77725,-73.87261111,28.42938889,-81.309,1659391140,7.07E+13,FFT1335,0.542065705,14.4142136
42.94041667,-78.73058333,28.42938889,-81.309,1659367440,7.07E+13,FFT1039,0.175851339,14.73832283
36.08004444,-115.1522361,39.86166667,-104.6731667,1659320400,7.07E+11,FFT772,1.22446736,11.14053689
33.6367,-84.42786389,28.42938889,-81.309,1659311460,7.07E+13,FFT1012,-0.539639296,6.069876519
36.08004444,-115.1522361,47.44988889,-122.3117778,1659359100,7.07E+13,FFT2167,-0.561968846,13.4362346
36.08004444,-115.1522361,23.15207222,-109.7207472,1659375540,7070845556,FFT78,-0.397742433,14.02260808
35.21375,-80.94905556,39.86166667,-104.6731667,1659313560,7.07E+11,FFT659,-1.377331418,24.17512314
28.42938889,-81.309,40.79613611,-73.10066389,1659367380,7.07E+13,FFT1096,0.585975469,14.84295181
36.124475,-86.67818056,39.86166667,-104.6731667,1659359340,7.07E+11,FFT995,-1.366027551,18.37895883
28.42938889,-81.309,42.74911667,-73.80198056,1659385920,7.07E+13,FFT1006,0.482853513,16.16817691
33.6367,-84.42786389,26.07166667,-80.14969444,1659358380,7.07E+13,FFT1362,-0.514679803,8.690941441
28.42938889,-81.309,34.05601389,-117.6011889,1659397920,7.07E+13,FFT1151,-1.416984086,36.72576594
39.86166667,-104.6731667,44.88197222,-93.22177778,1659356400,7.07E+11,FFT458,1.157629506,12.50351055
39.04883889,-84.66782222,28.42938889,-81.309,1659354240,7.07E+13,FFT1063,-0.306333635,11.13797131
39.87208333,-75.24066389,36.124475,-86.67818056,1659383460,7.07E+13,FFT2307,1.254161095,12.03583631
36.08004444,-115.1522361,28.42938889,-81.309,1659390420,7.07E+13,FFT1104,-1.348471684,34.69722122
42.94041667,-78.73058333,26.07166667,-80.14969444,1659362940,7.07E+13,FFT2663,0.083929007,16.92833728
35.21375,-80.94905556,28.42938889,-81.309,1659369060,7.07E+13,FFT1053,0.053005327,6.793902831
39.04883889,-84.66782222,28.42938889,-81.309,1659396600,7.07E+13,FFT1065,-0.306333635,11.13797131
41.40940833,-81.85469167,27.97547222,-82.53325,1659311460,7.07E+13,FFT2437,0.05046787,13.45106244
36.08004444,-115.1522361,29.98443611,-95.34144167,1659379440,7.07E+13,FFT2138,-1.272298351,20.72737361
28.42938889,-81.309,42.94041667,-78.73058333,1659354180,7.07E+13,FFT1038,0.175851339,14.73832283
40.27669444,-74.81347222,28.42938889,-81.309,1659393960,7.07E+11,FFT803,0.501514387,13.51112615
39.87208333,-75.24066389,18.4394,-66.00213333,1659329400,7.07E+11,FFT108,-0.406982786,23.33903086
40.27669444,-74.81347222,35.87763889,-78.78747222,1659309600,7.07E+11,FFT895,0.734677016,5.928268359
29.53395833,-98.46905833,28.42938889,-81.309,1659305160,7.07E+13,FFT1198,-1.506516377,17.19557139
37.15152778,-107.7537778,36.08004444,-115.1522361,1659311940,7.07E+13,FFT1987,1.426971092,7.475644572
28.42938889,-81.309,36.124475,-86.67818056,1659360900,7.07E+13,FFT1031,-0.609208552,9.383093846
41.72233333,-71.42772222,28.42938889,-81.309,1659361860,7.07E+13,FFT1183,0.639229933,16.5632733
27.97547222,-82.53325,39.87208333,-75.24066389,1659402900,7.07E+13,FFT2376,0.549921297,13.95389437
40.79613611,-73.10066389,27.97547222,-82.53325,1659309540,7.07E+13,FFT2521,0.634307558,15.91675543
39.87208333,-75.24066389,35.87763889,-78.78747222,1659371220,7.07E+13,FFT1653,0.726109409,5.341856954
36.124475,-86.67818056,36.08004444,-115.1522361,1659318720,7.07E+13,FFT2011,1.569235941,28.4740902
44.88197222,-93.22177778,39.86166667,-104.6731667,1659366720,7.07E+11,FFT459,1.157629506,12.50351055
35.393075,-97.60076111,39.86166667,-104.6731667,1659315840,7.07E+11,FFT467,-1.00729722,8.365837217
33.6367,-84.42786389,39.87208333,-75.24066389,1659400140,7.07E+13,FFT2384,0.974506869,11.10336206
39.86166667,-104.6731667,39.71730556,-86.29463889,1659383460,7.07E+11,FFT606,-1.562941609,18.37909477
39.86166667,-104.6731667,32.89723333,-97.03769444,1659303300,7.07E+11,FFT504,-0.831327707,10.33459087
39.86166667,-104.6731667,32.89723333,-97.03769444,1659324300,7.07E+11,FFT508,-0.831327707,10.33459087
28.42938889,-81.309,41.40940833,-81.85469167,1659320820,7.07E+13,FFT1044,-0.042016156,12.99148506
26.53616667,-81.75516667,39.87208333,-75.24066389,1659318300,7.07E+13,FFT2356,0.454399756,14.84201535
28.42938889,-81.309,41.50411111,-74.10483333,1659355500,7.07E+13,FFT1298,0.503610332,14.928107
36.08004444,-115.1522361,44.88197222,-93.22177778,1659398220,7.07E+13,FFT1966,1.189121266,23.63088942
18.57078056,-68.36618611,41.97694167,-87.90815,1659304200,7070845649,FFT81,-0.695666182,30.49158459
29.53395833,-98.46905833,39.86166667,-104.6731667,1659465900,7.07E+13,FFT9215,-0.540952118,12.04792597
41.93903333,-72.68431667,18.4394,-66.00213333,1659357480,7.07E+11,FFT115,-0.277040349,24.43121652
36.08004444,-115.1522361,32.89723333,-97.03769444,1659397500,7.07E+13,FFT9271,-1.396866929,18.39203377
39.86166667,-104.6731667,29.98443611,-95.34144167,1659398520,7.07E+11,FFT760,-0.757007294,13.58825874
26.07166667,-80.14969444,39.87208333,-75.24066389,1659302400,7.07E+13,FFT2296,0.34175802,14.64752815
18.4394,-66.00213333,39.87208333,-75.24066389,1659352500,7.07E+11,FFT109,-0.406982786,23.33903086
41.30316667,-95.89405556,36.08004444,-115.1522361,1659307140,7.07E+13,FFT2059,1.305951679,19.95390998
34.63719722,-86.77505556,39.86166667,-104.6731667,1659398940,7.07E+11,FFT855,-1.286786635,18.64503857